id_cliente,nombre_cliente,apellido_cliente,edad_cliente,direccion_cliente
1,Breena,Cuzen,2003,8 Garrison Street
2,Nancey,Sego,2005,8195 Rieder Lane
3,Neda,Elsdon,1988,9 Darwin Point
4,Carrissa,Twycross,1997,925 Welch Trail
5,Aggie,MacNair,2000,36 Magdeline Place
6,Dalli,Carvell,1994,640 Bowman Crossing
7,Emelen,Drydale,2000,5 Hayes Road
8,Etti,Antonich,1998,47 Marcy Road
9,Raymund,Harberer,2008,953 Nova Alley
10,Donni,Pybworth,1989,802 Ramsey Plaza
11,Noelani,Osinin,1999,9 Homewood Street
12,Jolie,Simner,2001,71108 Westend Drive
13,Jeannie,Klambt,1993,14946 Pond Point
14,Sheree,Follows,2012,87920 Crescent Oaks Avenue
1,Karin,Sivior,1988,85627 Gale Road
16,Zebulen,Sadd,1995,5791 Northfield Circle
17,Fae,Baldacchi,2012,882 Quincy Plaza
18,Meredeth,Yewdall,2005,912 Swallow Circle
10,Binnie,Moar,2001,364 Stephen Hill
20,Gale,Olech,1990,17218 Banding Park
21,Torrance,Frankcomb,2010,68471 Hooker Lane
22,Fred,Clohissy,2003,2 Tony Plaza
23,Anselma,Clementson,2011,39795 Bartelt Parkway
24,Felisha,Arnell,2011,14355 Westport Pass
25,Tana,Kirkbride,2002,488 Talisman Parkway
26,Rebbecca,Paireman,2004,2 Westend Center
27,Earvin,Merrilees,1998,3 Redwing Crossing
28,Amity,Hinder,1995,250 Manufacturers Alley
1,Jard,Cawthra,1964,6182 Spohn Parkway
30,Tommi,Gurry,2002,71386 Armistice Court
31,Quentin,Gable,1993,37546 Hanover Junction
32,Mel,Wraight,2007,4 Dapin Avenue
33,Dulce,Hurndall,2012,5622 Eastwood Junction
34,Lawry,Semechik,2003,00 Dayton Lane
35,Bronny,Songist,1999,01105 3rd Alley
36,Allina,Durrand,2005,596 Merrick Circle
37,Maryjo,Dike,1993,307 Darwin Pass
38,Corella,Byatt,2003,8 Manitowish Center
2,Regen,Well,2000,04 Moulton Trail
40,Luelle,Wythe,1995,16134 Ludington Street
41,Bartolemo,Poskitt,2009,6543 Westend Way
42,Latrena,Taberer,2002,020 South Circle
43,Roanne,Stannett,2010,41386 Scott Road
44,Norean,Hankin,1998,7886 Welch Road
45,Misha,Gethen,1998,0 Pine View Point
46,Vale,McAllaster,2002,355 Leroy Drive
47,Maurizio,Bhar,2007,891 Springs Parkway
48,Marguerite,Dibben,1993,68670 Declaration Center
49,Melesa,Keeting,1996,3 Cambridge Crossing
50,Sandie,Dunster,2002,5 Sunfield Plaza
51,Elke,Gaskarth,2001,46 Melrose Street
52,Benny,Suller,2001,00 Independence Pass
53,Klarrisa,Ould,2008,12 Bashford Street
54,Francois,Laffin,2004,6 Old Gate Park
55,Charin,Pettingill,1995,3 Linden Crossing
56,Hurleigh,Verey,1998,1 Golf Parkway
4,Berenice,Casaroli,2010,34 American Ash Center
58,Noemi,Dimberline,2010,2 Nelson Trail
59,Reagan,Beswetherick,2011,56975 Clove Crossing
60,Nonna,Gherardi,2013,61603 Holmberg Center
61,Jeana,Barns,2004,506 Scoville Terrace
62,Shelby,Montes,1983,24803 Veith Lane
63,Annalise,Veracruysse,2001,5 Linden Drive
64,Dorree,Baddiley,2004,02 Sherman Trail
65,Revkah,Favel,2001,6945 Wayridge Terrace
66,Mirilla,Bowhey,2003,7 Veith Trail
67,Fredia,Dreghorn,2012,795 Claremont Drive
68,Keri,d'Escoffier,2010,7911 Banding Trail
69,Dagmar,Darrigrand,2011,03129 Morrow Lane
70,Terence,Naulls,2012,64 Service Pass
71,Greg,Gwinn,2012,073 4th Alley
72,Chris,Bramsen,2011,6 Ohio Lane
73,Dionis,Tarburn,2006,519 Jenna Pass
74,Kamilah,Pilling,2005,60 Browning Parkway
75,Meyer,Skudder,2011,4789 Hoepker Drive
76,Pavel,Farnill,1993,5546 Melby Trail
77,Stanwood,Matteo,2006,20970 Northview Pass
78,Genevieve,McCoish,1985,2 Fulton Drive
79,Raynard,Broadley,2004,64967 Summer Ridge Trail
80,Christie,Dooley,2001,5 Manley Center
81,Barret,Earey,1994,0977 Melvin Center
82,Seth,Garvin,2007,8509 Artisan Trail
83,Whit,Goodlet,1999,97 Mifflin Terrace
84,Olav,Tregona,1997,09 Eagle Crest Circle
85,Mufi,Reddecliffe,2010,0482 Johnson Place
16,Clovis,Garrioch,2011,4482 Fair Oaks Street
87,Genni,Gioan,2009,3 Schurz Junction
88,Stillmann,Denney,2011,9180 Anniversary Pass
89,Shaine,Bosley,2009,093 Harper Plaza
90,Benedikt,Govey,1997,498 Bashford Trail
91,Udall,Franssen,2010,824 Northwestern Center
92,Hamilton,Dudman,2011,19660 Huxley Center
93,Marysa,Orrell,1985,34 Gale Hill
94,Sianna,Walton,1990,8 Thierer Hill
95,Dorotea,Sher,1993,4454 Elgar Way
96,Dirk,Brunt,2010,58042 Lakeland Crossing
97,Alisha,Leaming,2009,85 Nova Park
98,Rozalie,Mowat,2002,222 Sachtjen Center
99,Rosa,Cody,1992,4 Eagan Trail
100,Martie,Breese,2005,62 Porter Court
101,Justine,Dunk,1996,2003 Dunning Point
102,Alie,Ruler,2005,2 Tomscot Road
103,Randee,Dresse,1990,294 Rockefeller Center
104,Corri,Grube,1978,542 Birchwood Street
105,Catherina,Nickless,2004,21260 Spohn Alley
106,Rinaldo,Orneblow,1992,1276 Gina Avenue
107,Donnell,Ferrarini,1994,6019 Burrows Park
108,Candra,Buie,1993,60 Ohio Point
109,Noby,Bickmore,1998,88 Eagle Crest Way
110,Martita,Kieff,1989,456 Springview Court
111,Klement,Dunseath,1989,6806 7th Plaza
112,Yvor,Pietsma,1994,2143 Basil Crossing
113,Maynord,McIver,1997,58658 Armistice Hill
4,Daniella,Larratt,1994,96155 Sommers Circle
115,Zea,Simonyi,2011,7 Schmedeman Park
116,Ally,Challis,2010,1 Oriole Drive
117,Barron,Vanni,2012,334 Fisk Pass
118,Valentia,Gresham,2009,0336 Bowman Terrace
119,Zechariah,Kaufman,1995,28 Rockefeller Junction
120,Alexia,Badsworth,2010,3 Ludington Street
121,Ingmar,Pyford,2004,59655 Lukken Place
122,Gordie,Lindelof,1985,27 Leroy Plaza
1,Kiele,Gwalter,2007,135 Sycamore Lane
124,Egbert,Eyckelbeck,1997,435 Golf Course Trail
125,Pincus,Fishbourn,2006,2964 Northwestern Way
126,Tami,Tesmond,2010,942 Elka Court
127,Adi,Stuart,2006,97 Eastlawn Trail
128,Pippa,Sheran,1995,772 Mayer Park
129,Alejandra,Graysmark,2002,1457 Bellgrove Terrace
130,Caitrin,Eidler,2011,3808 Fair Oaks Hill
131,Sanderson,Hustings,2006,6 Dawn Terrace
132,Juline,O'Breen,1987,82 Union Court
133,Ignaz,Johananoff,2005,935 Grayhawk Way
134,Karyl,Bayldon,1993,90298 Sunfield Terrace
135,Karoly,Pedley,2000,73 Barnett Street
136,Evelin,Ells,1966,84902 Kedzie Court
137,Tyrone,Harragin,2004,4 Montana Crossing
138,Zena,Brymner,2003,70 Porter Street
139,Alison,Bosward,2012,47596 Dorton Parkway
140,Cullen,Gierardi,2003,335 Warbler Terrace
141,Stephen,Tetford,2003,19 Autumn Leaf Parkway
142,Sibella,Frankham,1998,8909 Clove Terrace
143,Dev,Keijser,1986,4 Judy Crossing
6,Martie,Naughton,2008,6 Comanche Trail
145,Thekla,Petrichat,1996,87 Blackbird Street
146,Izak,Nassie,2001,3993 Grayhawk Way
147,Abby,Moxsom,1984,766 Hanson Pass
148,Hedwig,Falls,1965,2 Bluestem Alley
149,Elset,Congram,2010,0 Melby Place
150,Sibyl,Ruprechter,1999,431 Sachtjen Trail
151,Clementine,Espinet,2012,3705 Pennsylvania Place
152,Bev,Joint,2011,67 Hazelcrest Hill
153,Katina,von Hagt,2011,05855 Barby Trail
154,Hans,Boylund,1994,9412 Bashford Center
5,Gerry,McGrowther,2002,912 Parkside Court
156,Bret,Caslake,2002,11333 Bay Circle
157,Bea,Dixcee,2007,0977 Marcy Pass
158,Donavon,Bullivant,1993,77068 Mallard Pass
159,Adi,Gerin,1993,69 Oak Valley Place
160,Siusan,Attwoul,1997,5 Springview Way
161,Rosabella,Tuison,1996,1258 American Ash Center
162,Marybelle,Tofpik,1995,66 Northland Circle
163,Gayelord,Valentetti,2004,689 Northwestern Avenue
164,Kendall,Base,2008,00 Straubel Court
165,Mercie,Son,2005,488 Service Hill
166,Douglas,Flexman,2005,5084 Bluejay Way
167,Easter,Murrthum,1996,9 Ohio Street
168,Pam,Eastlake,1991,7 Doe Crossing Hill
169,Trev,Snoddon,2002,8288 Eggendart Avenue
170,Felicle,Widdowson,2000,056 Vahlen Street
171,Asa,Hardage,1996,72836 Truax Road
172,Davidde,Strippel,2009,917 American Ash Point
173,Radcliffe,Oertzen,1993,685 Canary Crossing
174,Riordan,Whitechurch,2004,33285 Shoshone Pass
175,Dino,Dulson,2006,44 Toban Court
176,Donnajean,Hickinbottom,2000,09 Summit Park
177,Cash,Monument,2003,417 Pepper Wood Court
7,Patrica,Mickelwright,2001,413 Eagan Avenue
179,Raychel,Martinson,1991,8 Northridge Avenue
180,Nita,Bairnsfather,1998,7002 Lakewood Gardens Junction
181,Tanhya,Logie,1992,471 Lawn Circle
182,Zahara,O'Spillane,2005,105 Nancy Avenue
183,Martainn,Culley,2007,8991 Petterle Lane
184,Hildagarde,Chamney,1996,96 Mcguire Avenue
185,Bent,Peddowe,1991,6876 Dottie Parkway
186,Marsh,Gaffney,1995,4 Loomis Center
187,Ami,Lafond,1994,91100 Monument Center
188,Port,Alfonzo,2012,31992 Judy Terrace
189,Hillyer,Slimm,2001,2572 Sullivan Alley
190,Jamey,Densell,2005,58887 Moulton Crossing
191,Gayler,Cobbold,2002,668 Miller Way
192,Shalna,Philips,2005,2030 Sunfield Crossing
193,Lydie,Godsmark,2005,03508 Waxwing Trail
194,Meredith,Tomsa,1995,59559 Stephen Street
195,Sallyann,Seale,2008,02 Grim Way
196,Adams,Crowd,1992,76 Golf Alley
197,Loretta,Fluin,1991,902 Stoughton Road
198,Joye,Prewer,2012,60543 Kings Way
199,Andre,Daw,2009,3120 Ilene Road
200,Sybila,McKinna,1993,2042 Hudson Pass
201,Arlina,Causier,2004,1950 Daystar Junction
202,Marilin,Shurrock,1987,16 Merry Way
203,Natividad,Shrimplin,2003,785 Merry Crossing
204,Hollis,Geach,2010,483 Duke Park
205,Danella,Rolland,2004,71822 Pearson Street
206,Richmond,Magne,2010,710 Sauthoff Pass
207,Temp,Weblin,1997,29 Lakewood Parkway
208,Jeri,Lohden,1984,7 Fair Oaks Road
209,Genna,Cusack,1992,6 Lukken Place
210,Saunder,Insworth,2006,0490 Eagan Parkway
211,Ailey,Yankeev,1984,893 Troy Junction
212,Lorrayne,Munnery,1989,072 Kenwood Terrace
213,Killy,Blunsen,1993,9 Milwaukee Hill
214,Kearney,Lydster,2008,21208 Sunbrook Street
7,Niko,Suermeiers,1998,61267 Waubesa Alley
216,Nicole,Eddolls,2004,84 Morning Plaza
217,Emmalyn,Boanas,2012,7 Beilfuss Parkway
4,Audrey,Tolmie,2001,17 Shopko Parkway
219,Cassie,Wannell,2002,64317 Lakewood Gardens Drive
220,June,Wigg,2012,2 Pepper Wood Road
221,Cassandra,Bennough,2003,3475 Valley Edge Street
222,Gabriello,Cattini,1991,19331 Chinook Road
223,Magdalen,Stedman,1993,597 Drewry Parkway
224,Meghan,Jeaneau,1992,8679 Gulseth Place
225,Evangelia,Smythe,2008,178 Anthes Place
226,Allin,McMillan,2008,26 Sycamore Hill
227,Reginald,Steddall,1986,362 Golden Leaf Terrace
228,Rozanne,Gatling,1994,14122 Anzinger Park
229,Marna,Skein,1998,0395 Lerdahl Terrace
230,Gerry,Basson,1993,4597 Eastlawn Hill
231,Danielle,Makeswell,2011,80 Jackson Parkway
232,Mersey,Ferrara,1987,4 Morningstar Park
233,Barnie,Roney,1974,08731 American Ash Center
234,Don,Heppner,2011,5397 Banding Place
235,Brok,Middlehurst,1995,98480 Caliangt Road
4,Rhea,Dansken,2011,18671 Holmberg Center
237,Timi,Gossan,2004,88 Oxford Circle
238,Scotty,MacCook,2012,960 Golf View Parkway
239,Merrel,Durward,1989,07882 Bunker Hill Center
240,Liane,Trowell,2007,98 Thompson Trail
241,Andreana,Stapells,2001,62 Thierer Plaza
242,Elmer,Virgin,1984,517 Ridge Oak Center
243,Lusa,Fleeman,2009,93482 Mifflin Lane
244,Belinda,Tudge,1994,5 Onsgard Road
245,Hymie,Bloyes,2012,05 Farmco Way
246,Cole,Brownhall,2004,78 Spohn Street
247,Phaidra,Gannicott,2010,62906 Debra Center
248,Lizzie,Rodder,2009,90 Nova Center
249,Livy,Leidecker,2005,0 1st Parkway
250,Marv,Swede,1991,9906 Redwing Trail
251,Giacobo,Richardin,2004,29 Spohn Avenue
252,Annissa,Sabatini,2012,07 Merry Parkway
253,Kordula,Phillis,2010,8438 Melby Road
254,Ellyn,Crisford,1998,88686 Northland Avenue
255,Barbey,Pavelka,1997,58337 Chinook Parkway
256,Andris,Inkin,2007,602 Bonner Plaza
6,Wynn,Gerretsen,2006,978 Warbler Point
258,Alwyn,Loukes,2012,17 Steensland Circle
259,Gothart,McQuorkell,2006,7 Hauk Junction
260,Mala,Gapp,2009,4697 Eggendart Plaza
261,Brodie,Grandisson,2005,2868 Vermont Alley
262,Arabella,MacLeese,1995,968 Sherman Park
263,Tawsha,Joselin,2004,2 Raven Circle
264,Elisa,Raisher,1993,372 Continental Pass
265,Adolpho,Woosnam,1993,95366 Petterle Crossing
266,Sharline,Pigny,2004,6164 6th Trail
267,Celestyn,Staig,2003,03 Waubesa Parkway
268,Alvie,Vales,1999,13695 American Ash Drive
269,Hillier,O'Dowgaine,2006,962 Stang Avenue
270,Bellina,Greedier,2010,0 Comanche Way
271,Betteann,MacKinnon,2012,3 Leroy Parkway
272,Alejoa,Ratnage,1994,2914 Homewood Road
273,Korey,Bentje,2012,2 Anderson Drive
274,Gloria,Biscomb,1986,22 Hanson Road
275,Olga,Barlie,2008,16749 Sachtjen Center
276,Earle,Gunthorp,1958,1 Dunning Point
277,Lorilee,Gunning,2008,917 Loomis Hill
8,Aubrey,Taplow,1994,38327 Towne Lane
279,Wilek,Boumphrey,2002,03 Haas Avenue
280,Carroll,Pridding,2008,015 Eggendart Plaza
5,Octavia,Drysdell,2013,68442 Hoard Lane
282,Torin,Jobbins,2012,834 Menomonie Place
283,Natala,Miroy,2009,9 John Wall Trail
284,Bibi,Colwell,2008,25 Bluejay Avenue
7,Catlaina,Goodbur,2010,9697 Thierer Drive
286,Arnie,Duffit,1995,0517 Weeping Birch Trail
287,Karlotte,Edelman,2011,641 Thompson Parkway
288,Ardine,Sheridan,2009,5 Anzinger Way
289,Donall,Scawton,1993,8 Reindahl Place
290,Zorana,Crudge,2003,7536 Talisman Way
291,Suki,Norgan,2004,6 Utah Place
292,Lucina,Surplice,2009,30293 Dawn Hill
293,Vaughn,Clemmen,2011,0321 Arizona Circle
294,Herrick,Cormack,2011,9 Montana Park
295,Jim,Jumont,2008,5556 Dennis Way
296,Becky,Warrier,2011,1 Carberry Circle
297,Gray,Strange,1995,05127 Magdeline Avenue
298,Carmine,Nornasell,2007,12 Main Alley
299,Charlean,Rickson,1992,139 Almo Lane
300,Chip,Rannald,2000,3939 Tennyson Street
301,Brigitte,Balleine,2006,10594 Bayside Circle
302,Syd,Flasby,2008,8 Burning Wood Street
303,Duky,Dunbobin,1992,447 Rieder Avenue
304,Melva,Gersam,2001,3173 Kim Lane
305,Angeli,Jaze,2006,224 Pankratz Court
306,Christoph,Crockett,1990,20 Superior Road
307,Ced,Frenzel;,2004,67 Jay Point
308,Morlee,Robins,2008,0 Algoma Plaza
309,Seward,Glen,2003,261 Browning Parkway
310,Evie,O'Concannon,2009,36 Clarendon Crossing
311,Demetria,Cohr,2003,74 Hermina Alley
312,Neilla,Gloster,1999,1544 Southridge Center
313,Lucais,Shepcutt,1953,2 Westend Point
314,Loralie,Dowson,2001,07830 Morrow Junction
315,Elnora,Reedyhough,2006,4749 Mendota Street
316,Schuyler,Cicchinelli,2009,475 Schurz Way
317,Corrine,Smye,2009,6 Crest Line Crossing
318,Blakeley,Von Welldun,2010,671 Harbort Avenue
319,Carson,Penkethman,1994,3241 Dwight Center
320,Ed,Witherington,1999,7 Stephen Street
5,Fritz,Swinglehurst,2006,00 Eagle Crest Drive
322,Mariam,Ivanuschka,2005,49 Hooker Place
323,Amye,Duval,2005,7 Fairview Pass
324,Glynis,Dooler,1997,023 John Wall Park
325,Fidelity,Ringwood,1986,86 Lukken Trail
326,Greer,Minillo,1993,2615 Sage Junction
327,Kariotta,Dicte,2003,427 Lakewood Gardens Junction
4,Livy,Fogarty,2010,75 Melody Parkway
329,Kile,Campkin,2009,700 Bayside Lane
330,Allina,Quartermain,2007,37253 Nevada Avenue
331,Ortensia,MacMychem,2002,6385 Hoepker Junction
332,Desiri,Ivannikov,1994,64863 Dayton Hill
4,Jess,Ferrillo,1997,4 Heffernan Court
334,Amory,Domotor,2008,39627 Carberry Hill
4,Daffi,Mitchall,2012,89 Milwaukee Plaza
4,Massimiliano,Southerell,1991,8257 Dakota Avenue
337,Saul,Gifford,2000,39 Florence Pass
2,Eudora,Smolan,2010,6644 Arrowood Street
1,Cairistiona,Fritschel,1995,82302 Lakewood Gardens Trail
1,Gustavus,Mancktelow,1991,47 Oriole Drive
341,Katuscha,Shankle,1988,042 Clemons Terrace
342,Malena,Vellacott,1996,0718 Green Ridge Drive
343,Benoit,Jados,1999,42089 Elka Junction
344,Lidia,Stanning,1998,8536 Donald Junction
345,Rennie,Postin,1992,8 Pleasure Terrace
346,Marianne,Tetley,1992,280 Butternut Alley
347,Boote,Chown,2006,54501 Warbler Center
348,Muffin,Milier,2009,6 Hoepker Lane
349,Elli,Goghin,1998,82 Harbort Road
1,Maud,Ingleby,2002,1 Jenifer Park
351,Darda,Grumbridge,2011,6185 Hintze Drive
352,Benjamin,Killimister,2009,51493 Shasta Pass
353,Ethelin,Mawford,2000,08646 Warrior Place
354,Giulio,Norridge,2003,5 Raven Park
355,Gabie,Coghlan,1991,9554 Memorial Way
356,Chaunce,Fishe,1996,195 Messerschmidt Junction
357,Arvie,Gludor,2008,0668 Bluestem Plaza
358,Sly,Whittenbury,2003,65374 Bluejay Alley
359,Lia,Pina,2000,55 Russell Center
360,Cori,Castanyer,2004,36864 Troy Street
361,Jeanne,Genn,2008,537 Burning Wood Plaza
362,Carlota,Altofts,2008,109 Corscot Terrace
363,Layla,Fairfoul,2007,0575 Northview Hill
364,Ambrose,Aimable,1994,31079 Continental Plaza
365,Son,Hailwood,2005,8 4th Lane
366,Edeline,Ewbach,2008,845 Independence Drive
367,Eal,Tomasi,2007,08658 Boyd Crossing
368,Kristos,Haskayne,1988,9323 Talmadge Parkway
369,Nicole,Burk,1995,46 Ronald Regan Avenue
370,Selene,Northley,2005,683 Lawn Center
371,Sig,Fomichyov,1999,4 Montana Point
372,Nelia,Rivett,1990,40 Center Street
373,Madelin,Hince,1996,3 Northfield Court
1,Florinda,Layzell,2006,6 Larry Avenue
375,Rosmunda,Claw,1989,6 John Wall Plaza
376,Pincus,Hune,1993,999 Oneill Trail
377,Verla,Borland,2011,18172 Sunnyside Drive
378,Ches,Oxenford,2005,20 Stang Trail
379,Jayne,Sircombe,2002,2382 Hovde Parkway
380,Lurette,Matasov,2001,92 Warrior Center
381,Joannes,Burcombe,2007,4 Elgar Court
382,Esmaria,Ickovits,2001,372 Reindahl Junction
383,Talbert,Dreng,2012,278 Eastlawn Park
384,Bengt,Dyster,1995,04951 Fallview Way
385,Alfi,Cleobury,2013,36 Golf View Street
386,Corabelle,Aris,2006,2663 Sycamore Street
387,Niki,Riseam,1967,41197 Hovde Center
388,Dorella,Duny,2011,7 Messerschmidt Pass
389,Geordie,Ties,1988,48 Graedel Park
390,Joly,Novotne,2008,3 Grasskamp Crossing
391,Gustavo,Coll,1985,9391 Sutherland Terrace
392,Kamila,Trippitt,1984,08 Mandrake Pass
393,Trudey,Elcy,2011,66 Ramsey Terrace
394,Brandon,Norridge,2005,104 Crownhardt Crossing
395,Daphne,Mulchrone,1965,3868 Annamark Parkway
396,Maxwell,Labrow,2009,87 Morningstar Trail
397,Edna,Mahomet,1995,90480 Columbus Hill
398,Deb,McMylor,2001,808 Roxbury Street
399,Kay,Bannon,2011,78 Del Sol Park
400,Cullan,Hollerin,2006,854 Hagan Crossing
1,Sergent,Gilcrist,1984,7427 Tony Crossing
402,Morry,Pilkington,2001,4783 Reindahl Pass
403,Amity,Trustram,2004,93922 Paget Court
404,Fabio,Sirey,2012,29 Westridge Trail
405,Geordie,Maber,1997,6 Waxwing Drive
406,Lancelot,Nys,2010,546 Bultman Way
407,Cyndia,Anstis,1988,80730 Manley Drive
408,Emlyn,Mattaser,2011,639 Northview Place
409,Daffie,Fortescue,1996,444 Paget Pass
410,Huey,Schult,1993,40 Bluestem Junction
411,Boy,Rumsby,1979,707 Anhalt Avenue
412,Jane,Vasyuchov,2013,54582 Dexter Way
413,Willy,Simes,1996,4 Browning Junction
414,Bill,Unwin,2006,9281 Fordem Alley
415,Bernette,Amiable,2002,76762 8th Pass
416,Fiann,Jeannaud,2010,07 Ronald Regan Terrace
417,Emelyne,Dumbar,1993,6876 Prairie Rose Way
418,Jervis,Kaufman,1988,99840 Surrey Lane
419,Rozanne,April,1995,8 Spaight Point
420,Kenneth,Nelissen,2006,41076 Milwaukee Circle
421,Gerek,Gissing,2008,47460 Carberry Point
422,Luelle,Hillan,1990,136 Leroy Alley
423,Bryce,Okenden,2011,771 Daystar Plaza
424,Isabelita,Cossar,2004,9598 Drewry Road
425,Anson,Helsdon,1994,35670 Graedel Drive
426,Sallee,Bourhill,1998,920 Dennis Park
427,Bear,Aleksandrikin,2008,291 Golden Leaf Crossing
428,Emmi,Moneti,2007,2 Manitowish Plaza
429,Akim,Pesselt,2012,83 Mockingbird Hill
430,Jose,Danslow,2011,225 Becker Trail
1,Alain,Jellybrand,1983,03 Scoville Place
432,Germain,Dakers,2002,17 Blaine Trail
433,Rafaello,Roubottom,2009,834 Butterfield Point
434,Stanfield,Scoterbosh,2002,8 Farwell Crossing
435,Elianore,Auden,2005,10153 Bartelt Street
436,Catlin,Preskett,2009,7 Hauk Park
437,Lorrin,Varley,1985,576 Manitowish Way
438,Care,Aris,1969,10777 1st Parkway
439,Corbet,Emney,2013,03 Karstens Way
440,Kurt,Treagus,1996,8999 Scofield Junction
441,Dorelle,Yeskin,1999,3 Carberry Terrace
442,Bengt,Spavon,1986,1 Transport Road
443,Brody,Hamelyn,2002,8 Park Meadow Place
444,Dorie,Le Count,2006,2 Victoria Circle
445,Walsh,Lilbourne,2004,094 Spenser Crossing
446,Ware,Keizman,1995,78 Havey Avenue
447,Aubrie,Cota,1989,234 American Street
448,Sherilyn,Donat,1997,9653 Muir Park
449,Yasmin,Simnel,2003,95227 Vahlen Park
450,Corrina,Livingstone,1990,9 Maryland Hill
451,Hurleigh,Shoubridge,1994,4271 Lawn Court
452,Orella,Perfili,1989,80 Mandrake Drive
453,Marti,Banghe,1996,040 Park Meadow Terrace
454,Eberhard,Burnsyde,2006,46 Burning Wood Place
455,Beverlie,Wyne,2008,3 Main Avenue
456,Danielle,Blaza,1993,0912 Canary Street
457,Karole,Yarn,2011,8 Sherman Alley
458,Cyrill,Bachman,2006,75459 Hooker Plaza
459,Sharron,Wickersham,2006,426 Sycamore Plaza
460,Kai,Mair,1983,5832 Holmberg Circle
461,Morse,King,1998,61057 Kenwood Parkway
1,Callida,Pamphilon,2004,07 Maryland Circle
463,Bax,Ladson,2012,896 Lakeland Circle
464,Hendrick,Tremoulet,1984,9415 Dryden Hill
465,Ailene,Cotillard,1963,80531 Walton Alley
466,Cornie,Burth,2004,0353 Havey Alley
467,Elmira,Kille,2003,36358 7th Junction
468,Marlyn,Skittles,2010,06768 Gina Avenue
469,Tammie,Kilbane,1999,66178 Messerschmidt Pass
470,Ruthy,McQuade,2005,04068 Hoard Junction
471,Pearle,Gerrans,1998,17 Stang Hill
472,Catlin,Delafont,2011,1 Anhalt Crossing
473,Dallis,Dixson,1985,85 Melrose Parkway
474,Rania,Brumbie,1993,88 Schmedeman Circle
475,Suzi,Stonham,2011,42169 Veith Terrace
476,Georgianna,Rylands,2001,548 Lighthouse Bay Hill
477,Silas,Dreini,2009,46467 Dixon Pass
478,Marlyn,McCromley,1994,85982 Summer Ridge Plaza
479,Torrey,Baysting,2008,87254 Maple Junction
480,Dulsea,Laugheran,1990,02531 Miller Plaza
481,Ashien,Beals,1992,1 Briar Crest Pass
482,Ethelda,Tancock,2006,14676 Mallory Plaza
483,Gasper,Henke,1996,258 Lawn Point
484,Louella,Goodredge,2011,39234 Dorton Terrace
485,Meriel,Blakeman,2002,38213 Forest Run Avenue
486,Padget,Mompesson,1995,2785 Browning Street
487,Del,Henzer,1985,12457 Clyde Gallagher Lane
488,Linell,Worrall,2008,408 Logan Street
489,Glad,Shelliday,1986,56 Laurel Trail
490,Jesselyn,Enrigo,2003,1193 Esker Alley
491,Gaby,Bendle,2005,0 Bobwhite Park
492,Elisabetta,Winmill,2004,8 Union Point
493,Sarene,Husband,2001,59817 Northview Park
494,Ignazio,Warner,1994,67299 Walton Trail
495,Sheffield,Paulack,2012,1304 Oak Place
496,Christoforo,Kimmel,1986,57616 Morningstar Point
497,Guilbert,Adrain,1986,5 Fairfield Point
498,Brendon,Hek,2006,0 8th Street
499,Fifi,Lohden,2006,6 Amoth Parkway
500,Gaultiero,Ream,2012,8 Bashford Center
501,Reena,Chipp,2003,817 Armistice Avenue
502,Wendi,Daw,2011,9 Drewry Point
1,Marylou,Counsell,2002,5913 5th Hill
504,Pammie,Dorrins,2003,696 6th Alley
505,Samuele,Wrathmell,2001,00 Summer Ridge Drive
506,Dunstan,Piggen,2005,43 Riverside Plaza
507,Eugene,Bubeer,2007,06467 Merchant Trail
508,Omero,Hayes,2001,8844 Hazelcrest Plaza
509,Calida,Gabbat,2012,48 Comanche Alley
510,Carola,Poznan,2006,2368 Washington Hill
511,La verne,Goffe,2000,65 Mitchell Court
512,Emory,Haresnape,1984,0 Arkansas Terrace
513,Shae,Wheeler,2010,0 Upham Street
514,Abie,Bockh,1996,9860 Valley Edge Pass
515,Aleta,Waller-Bridge,1994,09583 Delladonna Avenue
1,Carlyn,Moylane,1993,18 Emmet Drive
517,Truda,Pearch,1997,259 Pankratz Way
518,Ivan,Call,1998,1 Del Mar Hill
519,Meghann,Blowing,1994,65 Hudson Avenue
520,Percy,Elstob,1992,72 Mcguire Crossing
521,Dodi,Vlasyev,2007,064 Lyons Pass
522,Ira,Tamas,1997,2 Oneill Park
523,Sydney,Dilawey,1994,33406 Rusk Crossing
524,Blythe,Ahrend,1997,4 West Street
525,Corabelle,Shapira,1987,8397 Spenser Court
526,Vinni,Pinchin,2009,598 Birchwood Drive
527,Dar,Rubenczyk,1991,340 Browning Way
528,Noll,Heathorn,2003,98 Burrows Lane
1,Arron,Feldmark,2002,1 Novick Hill
530,Ranique,Pinhorn,2008,9513 Summit Park
531,Laurence,Semkins,2011,80 Loomis Way
532,Isidore,Faldoe,1996,8860 Moose Junction
533,Barr,Castiblanco,1999,4 Pankratz Park
534,Fara,Lamborn,1988,433 Muir Terrace
535,Sher,Harpin,1971,677 Erie Lane
536,Fabian,Puleque,1999,4 Straubel Place
537,Estella,Ashpital,2003,99393 Kings Court
1,Alina,Pankethman,2006,4 Bellgrove Court
539,Merissa,Pickworth,2007,19 Huxley Court
540,Ashlee,Eyden,2007,0872 Vidon Place
541,Aurore,Iorio,2007,5100 Sunnyside Drive
542,Scarface,Gaitone,2003,665 Claremont Alley
543,Faye,Laxtonne,2002,8563 Reindahl Parkway
544,Nicol,McArley,2011,864 Sundown Center
545,Britt,Adanez,2010,07 Sutteridge Plaza
546,Maurie,De Nisco,1986,5711 Shoshone Pass
547,Marrissa,Silvermann,1995,7061 Evergreen Street
548,Gerianna,Espin,1995,8043 Northridge Alley
549,Luca,Lissandre,2008,90 Darwin Alley
550,Rickey,Churchley,2002,1 Erie Center
551,Tirrell,MacCheyne,2007,8 Lyons Road
552,Darnall,Pittock,2010,014 Hoffman Road
553,Tina,Renzo,2012,234 Service Trail
554,Ofilia,Lowton,1997,820 Milwaukee Parkway
555,Sheri,Lambis,2006,4 Roxbury Junction
556,Swen,Kennermann,2005,6131 Parkside Court
557,Alberik,Samber,1995,41 Bayside Terrace
558,Chadd,Antcliff,2010,91020 Memorial Pass
559,Laurena,Brumbye,1998,8 Susan Terrace
560,Joseito,Woodthorpe,2004,3 Bultman Drive
561,Siward,Canaan,2000,457 Riverside Terrace
562,Jaquenetta,Safell,1999,9248 Garrison Parkway
563,Merrick,Hickeringill,2008,12233 Roth Drive
564,Olympie,Fontelles,1993,17 Tomscot Road
565,Fabien,Gelling,2011,3803 Butterfield Point
566,Dorri,Vaudre,1992,38772 Fairview Point
567,Aprilette,Banbridge,2002,2 Talisman Center
568,Etheline,Plaskett,2005,11 Bobwhite Crossing
569,Annette,Aguilar,2007,6 Arizona Court
570,Muriel,Buckney,1995,1 Dryden Parkway
571,Niven,Marsie,2006,78937 Cordelia Parkway
572,Ruthie,O'Rourke,1994,022 Emmet Way
573,Gayler,Dietsche,2004,38895 Fair Oaks Center
574,Yank,Sibyllina,1989,364 Park Meadow Place
575,Kelsey,Caiger,2010,976 Bultman Hill
576,Leese,McAsgill,2010,15 Shopko Hill
577,Percy,McInility,2013,02378 Atwood Point
578,Patricia,McIlmorow,2002,59 Bartillon Alley
579,Pepita,Stanbro,1997,7 Stone Corner Hill
580,Gene,Cosens,2012,36 Loftsgordon Pass
581,Michelina,Kivlin,2001,5940 Mcbride Lane
582,Dorelia,Warren,2011,2992 Eastlawn Avenue
583,Osbert,Warwicker,1998,757 Manufacturers Trail
584,Libbey,Bernhard,2008,58 Macpherson Road
585,Jemie,Manderson,1995,903 Alpine Street
586,Veronique,Mardell,2008,7624 Dryden Street
587,Lenna,Yong,2001,02590 3rd Trail
588,Parke,Frackiewicz,1994,7 Division Place
589,Werner,McKennan,2009,503 Helena Pass
590,Raphael,Peschet,2004,88 Calypso Center
591,Hercules,Tiebe,1989,1 Eagan Plaza
592,Thomas,O'Moylane,2010,2606 Northview Parkway
593,Roselia,Carnow,1974,21566 Ridgeway Drive
594,Stephi,Quinn,2006,470 Beilfuss Road
595,Carmen,Adamo,2008,026 Clyde Gallagher Parkway
596,Doll,Clapson,2010,8639 Corscot Lane
597,Rab,Farney,2001,6 Fairview Pass
598,Rick,Alecock,2005,65 Forest Court
599,Griffin,Wallentin,2000,200 Steensland Way
600,Kalinda,Hudspith,1985,34130 Briar Crest Park
601,Felita,Leman,2000,5176 Roth Crossing
602,Madalena,Cunnington,1992,880 Browning Pass
1,Muriel,Astlett,2002,6784 Ronald Regan Drive
604,Adriana,Smithson,2001,99 Florence Road
605,Constancia,Rorke,2000,6806 Shelley Center
606,Rebe,Tarr,2006,07 Stone Corner Junction
607,Fremont,Stranks,1997,8 Hermina Avenue
608,Ambrose,Saundercock,1989,18 Farwell Center
609,Trudi,Baszkiewicz,1995,4 Kennedy Way
610,Franky,Danilchev,2004,8968 Grim Plaza
611,Denice,Tawton,2012,9 Hooker Circle
612,Celie,Todman,1992,4 Main Pass
613,Gino,Frier,2009,0 Tony Circle
614,Dyanne,Babst,1993,1139 Erie Avenue
615,Misha,Bails,1970,44118 Kinsman Hill
616,Barron,Keemar,1995,5 Transport Terrace
617,Dell,Clements,1997,17 Sheridan Crossing
618,Avis,Lowfill,2006,4915 Mendota Pass
619,Teodorico,Cremer,1991,6 Gina Alley
620,Quentin,Girardoni,1988,741 Vera Court
621,Annadiana,Lefever,2004,54005 Mitchell Lane
622,Fabe,Windybank,2000,41250 Dottie Lane
623,Guthry,Girth,1967,830 Kings Road
624,Candy,Koppelmann,1995,146 Sheridan Pass
625,Der,Buckie,2002,00622 Chive Lane
626,Bald,Quoit,1989,021 Jenna Hill
627,Bail,McGuinness,1991,744 Sutteridge Parkway
628,Henrietta,Volleth,2002,6 Glacier Hill Road
629,Annalee,Jennins,2010,5007 Sycamore Junction
630,Merrill,Northeast,1999,727 Dixon Park
631,Coraline,Earie,1997,147 Leroy Way
632,Gratia,Leighton,2003,930 Nelson Place
633,Devondra,Guymer,2005,26 Dawn Parkway
634,Hardy,Towsey,1989,56 Graedel Avenue
635,Dewie,Shoulder,2006,4 Gale Terrace
636,Olenka,Hickinbottom,1991,4082 Menomonie Hill
637,Joli,Ferrier,1992,01 Wayridge Terrace
638,Ginger,Carhart,1993,22 Macpherson Trail
639,Devlen,McPhillips,1992,44385 Burning Wood Crossing
640,Sherrie,Chiplen,2009,65 Stoughton Trail
641,Noll,McMillian,2011,9 Kropf Way
642,Romona,Muddiman,2011,41218 Lakeland Alley
643,Sosanna,Kwietak,2007,419 Elka Way
644,Evangelia,Dumblton,2007,71 Westport Road
645,Jean,Neubigging,2002,4 Merchant Point
646,Marita,Broster,1998,684 Northfield Pass
647,Ax,Lunnon,2008,4 Commercial Hill
648,Rufus,Bourrel,2000,3 Weeping Birch Trail
649,Brand,Ondrich,2009,2714 Service Place
650,Herminia,Snuggs,1989,7 Loftsgordon Circle
651,Karla,Helmke,1996,0 Stephen Center
652,Joli,Sowthcote,1996,76 Fordem Court
653,Tynan,Gissing,1996,9214 Havey Lane
654,Hayward,McSkeagan,1995,79757 Browning Place
655,Sean,Greer,2005,5593 Pond Lane
656,Gratiana,Dysart,1997,969 Forest Dale Junction
657,Tilly,Rackam,2008,54 Dixon Junction
658,Ricky,Joska,1991,1233 Sunbrook Point
659,Spence,Hutt,2012,39 Warrior Terrace
660,Julieta,Magill,1986,8705 Carey Point
661,Marice,Clitherow,2000,82 Scofield Terrace
662,Rani,Ecles,2010,097 Coolidge Hill
663,Jeni,Pitcaithly,1998,086 Jana Street
664,Margarita,Propper,1985,437 Nova Place
554,Phyllida,Somerled,2012,1528 Oakridge Circle
666,Farlay,Jellman,1994,66 Nobel Circle
667,Chico,Spreag,1985,5 Harper Avenue
668,Steffi,Widdup,1997,11320 Luster Terrace
669,Cahra,Wreakes,1996,653 Tennessee Pass
670,Ibrahim,Corbyn,1999,19 Calypso Drive
555,Frans,Ricardo,1993,83 Manufacturers Circle
672,Skyler,Kettlestringe,2007,9 Rockefeller Lane
673,Marielle,Bengefield,2010,55438 Sauthoff Alley
674,Fifi,Shegog,2001,232 Kinsman Court
675,Nerissa,Lope,1989,6 Mayfield Road
676,Meridith,Marsh,1999,62 Forest Center
677,Bobby,Klimecki,2007,75069 Tennyson Terrace
678,Kory,Rieger,2008,2 Merry Court
679,Pebrook,Dudderidge,1985,96 Summit Park
680,Brittney,Yablsley,1997,91 Petterle Alley
681,Kimball,McSperrin,1909,14 Debs Road
682,Maiga,Dallman,2013,6 Warrior Crossing
683,Mandi,O'Crigan,1988,15036 Muir Junction
684,Kellia,Lusher,2007,09189 Anniversary Trail
754,Tad,Delgadillo,1997,7166 Butterfield Parkway
686,Quintus,Szymczyk,2004,0 American Ash Court
687,Alyse,Priestley,2000,76872 Johnson Pass
688,Efrem,Pigden,2013,4 Scott Lane
689,Tilda,Dallow,2004,14 Jenna Junction
690,Andreana,Rentenbeck,2001,1 Farmco Point
691,Armin,Latek,2003,351 Oneill Alley
692,Renelle,Kingaby,2010,5 Vermont Pass
693,Cherilynn,Woolerton,2002,6471 Leroy Terrace
694,Georgiana,Andrault,2004,9366 Monument Pass
695,Sawyere,Servante,2005,9166 Steensland Avenue
696,Atlanta,Shimmans,1984,5941 Ridgeview Point
697,Caroljean,Yitzovitz,1988,72 Forster Road
698,Baily,Rexworthy,2007,48515 Schmedeman Center
699,Eugen,Yarnall,2008,44265 Mesta Junction
700,Dene,Bilam,1986,4200 Fisk Park
701,Tiebold,McElvine,1992,0081 Welch Drive
702,Judd,Jorck,1993,067 Scofield Drive
703,Zeb,Joskowitz,1987,72276 Fallview Street
704,Garwood,Flatley,1992,41983 Claremont Park
705,Myles,Bidwell,2003,3 Buhler Drive
554,Boniface,Tyrrell,2012,8 Goodland Park
707,Harland,Maybery,2008,658 Fremont Terrace
708,Merill,Rontsch,1977,64638 Tennyson Plaza
709,Keely,Ahmad,2011,5 Weeping Birch Junction
710,Ingmar,Denington,2004,500 Oriole Trail
711,Kristen,Attenborrow,1985,0017 Carpenter Street
712,Krishna,Admans,1996,39 Anderson Crossing
713,Gilberto,Getcliffe,2005,1676 Haas Parkway
714,Isidoro,Danielsohn,2003,59629 Forest Plaza
715,Jamesy,Hasney,2010,565 Sachtjen Point
716,Lura,Moffat,2006,875 Artisan Way
717,Marcelle,Millthorpe,2005,7 High Crossing Drive
718,Carrie,Duligall,2009,184 Lake View Lane
719,Spencer,Baskeyfied,2007,4008 Nevada Parkway
720,Clarance,McGrale,2013,66256 Montana Lane
721,Aarika,Keyser,1998,616 New Castle Place
722,Charlton,Iglesia,2002,56553 Scofield Court
723,Janice,Ewen,2003,30 Cherokee Center
724,Aimee,Bambra,2008,59497 Division Court
725,Samaria,Ellings,2010,18275 Bellgrove Drive
726,Fancy,Braunstein,2008,904 Sutteridge Junction
727,Chery,Dewsnap,1995,0122 Oxford Way
728,Dulsea,Cissell,2008,7 Nelson Plaza
729,Sayer,Joynt,1992,279 Novick Junction
730,Brig,Fellnee,1994,6 Oak Valley Terrace
731,Noelani,Dixson,2008,39 Express Point
732,Burl,Calvard,2004,2839 Division Drive
733,Bette-ann,Billham,2009,473 Sugar Place
734,Aeriela,Rew,1996,02832 Burning Wood Place
444,Irving,Creak,1988,39 Evergreen Place
736,Vince,Gatherer,2007,980 Schlimgen Circle
737,Wynnie,Wolfart,1995,91 4th Circle
738,Raynor,Tiebe,2013,9340 Northfield Place
739,Bryce,Plowright,2005,0 Nobel Plaza
740,Saree,Ossenna,2006,103 Mesta Drive
741,Antonin,Ovitz,1995,8 Aberg Trail
742,Cathee,Sheach,2001,87 Veith Plaza
743,Corbet,Handford,1995,8158 Meadow Vale Parkway
744,Olia,Lermit,2000,42910 Cordelia Alley
745,Brennan,Latey,2004,134 Red Cloud Junction
746,Kalli,Garvin,1997,0 Twin Pines Junction
747,Anatola,Loughlan,2005,9137 Florence Lane
222,Albert,Proffer,1992,60606 Crowley Plaza
749,Petrina,Crippell,2001,46281 Lakewood Gardens Plaza
750,Field,Simnett,1992,27311 Eastwood Trail
751,Trstram,Gillmor,2004,019 Debra Avenue
752,Oby,Varcoe,2003,99 Union Road
753,Kiersten,Gini,1986,25411 Thackeray Court
754,Cristen,Burgoin,2007,4946 Summer Ridge Alley
755,Ron,Cummungs,1994,33 Oxford Alley
756,Wenona,Pennini,2001,8 South Center
757,Thayne,Groundwator,2013,594 Boyd Trail
758,Bert,Feldberg,2002,34 Bunting Terrace
759,Talyah,Sargood,1995,1890 Division Pass
760,Sibbie,Bindley,1985,1742 Birchwood Terrace
761,Konstanze,Porcher,2012,687 Maple Wood Way
762,Ernestus,Asals,2011,84 Commercial Court
763,Kimmi,McGuinness,2001,941 Rieder Trail
764,Maddi,Abeles,1998,41 Bonner Plaza
765,Stephanus,Abramowitch,2008,0272 Muir Junction
222,Andrea,Fowells,2012,6161 Bellgrove Plaza
767,Leisha,Breacher,1980,05 Marquette Parkway
768,Matthias,Meddemmen,2008,32 Delladonna Circle
769,Kriste,Presslie,1998,6 Quincy Place
770,Clair,Elies,2009,970 Declaration Circle
771,Darnell,Pannett,2012,9636 Becker Circle
772,Corrine,Clark,2009,9484 Fairfield Terrace
773,Zelma,Lindenbluth,2005,1201 Dennis Drive
774,Hamid,Jacobbe,2005,27 Parkside Trail
775,Talya,Glanister,1996,89 Forest Run Circle
776,Kilian,Hansemann,2010,6452 Lyons Road
222,Osbourn,Franklyn,2006,2443 Pennsylvania Avenue
778,Shurlocke,Brion,1985,95306 Pawling Plaza
779,Sigismund,Keely,1992,2757 Ruskin Junction
780,Web,Goalby,2005,7474 Paget Terrace
781,Noell,Shorrock,1991,12728 Superior Court
782,Anabelle,Tooher,2011,0964 Superior Circle
783,Paulette,Paolicchi,2004,862 Sutherland Court
784,Duffy,Gracey,2008,29425 Tennyson Pass
785,Elvyn,Muckersie,2001,56 Grayhawk Crossing
786,Huberto,Handaside,2007,21870 Commercial Center
787,Redd,Marques,2007,260 Sloan Place
788,Kassie,Matyja,1997,5532 Fair Oaks Place
789,Alejandra,Ebi,2004,2211 Ronald Regan Parkway
790,Quentin,Hansard,2007,516 Packers Crossing
791,Charline,Hawkeswood,1995,08 Leroy Place
222,Sandy,Rabley,2007,3126 Russell Terrace
793,Ainslee,Duddan,2003,14 Sherman Parkway
794,Alfonse,Veracruysse,2009,49 Buell Terrace
795,Karney,Fairlem,2001,2976 Rowland Street
796,Lyndsay,Cantwell,2012,61544 Kedzie Court
797,Starlene,Tozer,2007,9 Utah Road
798,Gilberte,Boggers,2010,07709 Chive Road
799,Horacio,Dunrige,1993,0184 Quincy Trail
800,Basia,Brislen,2008,5 Myrtle Trail
801,Carolann,Sparrowhawk,2002,09306 Eliot Park
802,Tadeas,Zecchi,1995,2364 Di Loreto Point
803,Ferdinand,Yeld,1998,1845 Cardinal Court
804,Trescha,Bentick,1992,37184 Butterfield Street
805,Maurice,Defrain,2012,2 Lawn Plaza
806,Leshia,Tofful,2002,450 Hallows Way
807,Fonzie,Suche,2009,76 Michigan Lane
808,Gabie,Iacofo,1993,2 Swallow Hill
809,Rabi,Pell,2012,632 Parkside Lane
810,Evangeline,Netley,1990,0 Redwing Drive
811,Nessy,Hort,2009,3 Schiller Pass
812,Marco,Balden,2011,20 Fair Oaks Alley
813,Caresse,Tremoulet,2005,65944 Clemons Lane
814,Haywood,De Bischop,1998,215 Delladonna Court
815,Huberto,Fordyce,1993,2 Ramsey Terrace
816,Angelina,Bristoe,1998,5875 Steensland Point
817,Kori,Jewkes,1996,3618 Corben Hill
818,Denise,Murrill,1994,5 Warbler Avenue
819,Freeman,Clara,2001,24 Caliangt Way
820,Van,Streater,1997,79391 Dayton Way
821,Wright,Biggerstaff,1984,40986 Sage Way
822,Fraze,Gilvear,1994,299 Anniversary Drive
823,Aldridge,Abbot,2012,74 Hanover Court
824,Pearline,Gannon,1989,50 Fisk Plaza
825,Stanfield,Menure,2000,78 Dawn Alley
826,Maggy,O'Dulchonta,2007,351 Lukken Street
827,Carter,Keast,1993,598 Sutherland Drive
828,Porty,MacDonogh,1992,04732 Butterfield Point
829,Edgardo,Kender,2006,9961 Dahle Way
830,Rice,Rivelon,1997,09 Eastlawn Junction
831,Symon,Owbridge,2010,09 Delladonna Avenue
832,Betsy,Braunlein,2006,7890 Brown Trail
833,Christie,Sewill,1990,2038 Mariners Cove Trail
834,Celia,Kubiczek,1989,24 Norway Maple Parkway
835,Torrance,Whibley,1993,55964 Meadow Valley Parkway
836,Weidar,Wrennall,1993,49 Hollow Ridge Court
837,Clerc,Rudeforth,2000,20 Summit Center
838,Joice,Jennery,2011,808 Corry Crossing
839,Teresita,Harbin,2000,967 Golf Course Junction
840,Ethe,Jessop,1993,027 Barnett Place
841,Serena,Tellesson,1999,7801 Lerdahl Crossing
842,Birgit,Conaghan,1999,112 Starling Road
843,Alon,Sneesbie,1985,47965 Rutledge Court
844,Alfie,Caulkett,2009,2 Walton Center
845,Jolie,Fetherstan,2008,6016 Victoria Hill
846,Florida,Essam,1995,4 Morning Junction
847,Freeland,Hatchett,1988,24744 Lighthouse Bay Parkway
848,Kevina,Lemonnier,2002,48 Crownhardt Avenue
849,Nichole,Goward,1990,43 Randy Street
412,Derrik,Keilloh,2004,0 Atwood Center
851,Hadley,Beneyto,2003,049 Rowland Alley
852,Noach,Firk,1995,818 Union Court
853,Reynolds,Karim,2003,1 Forest Lane
854,Katy,Leythley,2012,407 Mesta Center
855,Carie,Winterburn,1999,74 Chinook Terrace
856,Kerk,Wheatman,2002,0558 Lakewood Gardens Trail
857,Riki,Hainge,2005,12 Carpenter Junction
858,Woodie,Coolahan,2006,87184 Haas Park
859,Costanza,Rizzetti,1997,868 Erie Street
860,Sammie,Fowkes,1989,708 Mandrake Center
861,Griffin,Wooddisse,1992,0640 Hanson Hill
862,Mikel,Kilgrew,1985,97 Susan Plaza
863,Danie,Waldram,2012,3391 Garrison Terrace
864,Kial,O'Gorman,2004,82 Sommers Pass
865,Erich,McIntee,1993,43857 Leroy Alley
866,Nichols,Wessing,2003,299 Northport Road
867,Kinnie,Blakemore,2005,38 Bultman Center
868,Esmeralda,Sheerin,2010,71 Kennedy Pass
869,Leeanne,Batalle,1983,8834 Jenna Alley
870,Kermy,Argo,2007,1 Quincy Pass
871,Tamqrah,Curnow,1997,89 Prentice Street
872,Odilia,Arnholtz,2003,768 Knutson Circle
873,Hillard,Sproat,1993,123 Mcbride Crossing
874,Ruggiero,Ledekker,1987,48 Burrows Circle
875,Sollie,Longmate,2012,3 Coleman Lane
876,Darwin,Squelch,2007,20 Lakeland Court
877,Mignon,Pilley,2010,92 Marquette Alley
878,Gael,Nutbeam,2001,209 Browning Pass
879,Tanny,Dickins,2006,2675 Westridge Parkway
880,Dody,Kluger,2012,3 Mcbride Road
881,Zared,Puttrell,2012,67193 Farwell Way
882,Shara,Salla,1991,82 Del Mar Center
883,Josefa,Binestead,2009,16 Huxley Alley
884,Tracy,O'Dooghaine,1994,08536 Algoma Trail
885,Creight,Gomby,2003,587 Bluestem Hill
886,Leelah,Heard,2005,374 Bellgrove Alley
887,Aliza,Vreiberg,2004,4 Hermina Lane
888,Ashton,Milington,2006,0172 Union Hill
889,Dulcie,Lasslett,2001,31 Oriole Way
890,Vyky,Stampfer,2003,95669 Fieldstone Pass
891,Jenilee,Dolley,1973,44 Ohio Court
892,Ruthann,Philbrick,1998,006 Chinook Street
893,Ranee,Tillard,2009,20 Loomis Trail
894,Bridget,M'Quharge,1984,70510 Hayes Terrace
895,Curtice,Morter,1992,25 Oak Valley Lane
896,Yankee,Cesconi,2005,27244 Londonderry Avenue
897,Godard,Millhill,1985,170 Loeprich Crossing
898,Henry,Radwell,1994,7 Garrison Way
899,Sibley,Dikelin,2007,494 Bartillon Junction
900,Halsey,Lovekin,2011,36 Northwestern Terrace
901,Stafani,Matuszyk,1988,83 Autumn Leaf Drive
902,Cordi,Duling,1984,052 Buhler Plaza
903,Walliw,Chuter,1999,65 Reindahl Alley
904,Ian,Thackston,1992,175 Westend Avenue
905,Ronny,Coit,2004,747 Mifflin Parkway
906,Rudd,Ransom,2002,48213 Pawling Crossing
907,Nickey,Dudek,2011,075 International Junction
908,Sigismundo,Almak,1993,929 Tomscot Parkway
909,Debor,Dominik,2004,7 Ronald Regan Way
910,Mariellen,Rossborough,2011,7141 Debs Center
745,Chad,Vineall,1987,28218 Johnson Park
912,Hunfredo,Hubbold,2007,277 Thackeray Place
913,Franz,Sturdey,1996,65 West Alley
914,Lise,Clapson,2005,3 Luster Point
915,Reynolds,Cramond,1989,46 Farragut Trail
916,Grannie,Timby,2004,4467 Summer Ridge Trail
917,Ibby,Ramsby,2009,15 Marquette Crossing
918,Vita,Eisig,2008,43327 Independence Circle
919,Cornie,Milella,2007,581 Pierstorff Avenue
920,Dasi,Goulstone,2008,006 Bonner Circle
921,Frasco,Morena,2003,7088 Westend Hill
922,Leonora,Rraundl,2005,3749 Petterle Hill
923,Yetty,Arnaudin,2003,05 Havey Court
924,Ulick,Yourell,2006,66477 Village Green Hill
925,Mureil,Teese,1986,83600 Cherokee Lane
926,Flss,Vogl,1995,567 Macpherson Avenue
927,Lisette,Bolle,1993,980 Corry Hill
928,Harlene,Peealess,2009,5368 Oxford Alley
929,Monika,Ruoss,2013,27 Sachs Place
930,Othilia,Spens,1994,85 Fallview Court
931,Chelsea,Millyard,2001,945 Summit Way
932,Starla,Gettone,1987,391 Homewood Circle
933,Raviv,Gouley,2003,2 Green Ridge Street
934,Tessie,Posselow,1999,037 Laurel Street
935,Dietrich,Wrathmall,1994,22 Magdeline Road
936,Delores,Rainy,2002,05471 Independence Pass
937,Drusilla,Mityukov,2012,5 Magdeline Way
938,Harlin,Crummay,1999,234 Westerfield Junction
939,Koren,Durbann,2010,2 Anzinger Drive
940,Gus,Follet,2008,10901 Pennsylvania Drive
941,Patience,Howchin,1997,85658 Eggendart Center
942,Rudolfo,Measey,1988,920 Troy Avenue
943,Wolf,Guitton,1999,5198 Jana Drive
944,Carlin,Udden,2007,7970 Fairview Road
945,Simona,Greensall,1997,99 Reindahl Parkway
946,Shawnee,Udden,2009,04 Main Park
947,Jeane,Van der Kruijs,2008,73515 Rutledge Road
948,Johnathon,Iapico,1993,0 Dahle Center
949,Bowie,Jarritt,1967,2063 Pawling Lane
950,Rafaelia,Fradson,2000,86414 Shoshone Junction
951,Jerrilee,Malham,2006,0835 1st Junction
952,Stanislaw,Rump,2008,62 Katie Road
953,Ulises,Creeghan,1988,8123 Main Terrace
954,Derry,Hamlin,1996,39763 David Court
955,Jonathan,Bonhomme,2007,913 Vermont Way
956,Fernandina,Novotne,2003,566 Rigney Crossing
957,Pip,Osselton,1999,46 Reinke Trail
958,Lanni,Bigrigg,1985,26897 Acker Hill
959,Mallorie,McGreay,2002,567 Caliangt Crossing
960,Eolanda,Coaten,2006,0940 Laurel Crossing
961,Amanda,Baseggio,1998,292 Independence Drive
962,Marley,Pendleberry,1993,725 Hudson Crossing
963,Erastus,Haylett,2007,33 Trailsway Center
964,Finley,Simpole,2011,318 Graceland Court
965,Lane,Farnin,2006,8978 Havey Trail
966,Kasey,Megahey,2011,3097 Florence Trail
967,Valaree,Learoyde,1998,0758 Warner Drive
968,Maurizia,Clayton,2001,81651 Golden Leaf Plaza
969,Miguela,Hannabus,2007,57551 Bay Avenue
970,Husein,Sexten,2011,7066 Center Street
971,Galvan,Staite,1995,8154 Ridge Oak Pass
972,Clarance,Chubb,1994,31967 Lukken Parkway
973,Elianore,Atlay,2013,4560 Elka Center
974,Dionne,MacBrearty,1996,476 Linden Trail
975,Humberto,Bernardes,1983,17 Lotheville Road
976,Ashien,Bruhnsen,1969,8031 Hazelcrest Drive
977,Matti,Felkin,1984,0745 Scofield Pass
978,Rozalin,Kobierski,1992,53354 Bunker Hill Alley
979,Wood,Curzey,2011,9553 Butternut Crossing
980,Carmine,Hunting,1992,65633 Waywood Hill
981,Claude,Coomer,1994,7856 Arizona Crossing
982,Sebastian,Lait,2007,16 Sunnyside Plaza
983,Deloris,Flood,2009,38032 Hauk Crossing
984,Paulie,Mulliss,2007,625 Ludington Drive
985,Florry,Higginbottam,2013,53140 Meadow Ridge Circle
986,Seline,Tilney,2007,276 Hermina Avenue
987,Kimbra,Bannon,2007,1811 Debra Street
988,Rhea,Pendry,2000,51 Farmco Way
989,Darin,Spyvye,2011,189 Corscot Road
990,Nyssa,Showell,1992,308 Ronald Regan Hill
991,Richie,Whartonby,2006,9 Anhalt Street
992,Konrad,Fessions,2008,702 Grayhawk Junction
993,Monica,Romanelli,1954,8760 Crest Line Way
994,Nobie,Benterman,2003,58 Evergreen Court
995,Dillon,Hanmore,1984,9 Village Green Center
996,Reed,Rudledge,1993,689 Milwaukee Alley
997,Linoel,Jertz,1992,8 Reindahl Terrace
998,Claire,Sarfas,2010,06 Stuart Terrace
999,Frederic,Dominetti,2011,5 Derek Place
1000,Orlando,Sandford,2003,5 Algoma Street
